source,record,issue
fndds,2705383,nonpositive_or_missing_portion_weight_excluded
foundation,363,null_or_non_object_record_skipped
foundation,364,null_or_non_object_record_skipped
foundation,365,null_or_non_object_record_skipped
foundation,366,null_or_non_object_record_skipped
foundation,367,null_or_non_object_record_skipped
foundation,368,null_or_non_object_record_skipped
foundation,369,null_or_non_object_record_skipped
foundation,370,null_or_non_object_record_skipped
foundation,371,null_or_non_object_record_skipped
foundation,372,null_or_non_object_record_skipped
foundation,373,null_or_non_object_record_skipped
foundation,374,null_or_non_object_record_skipped
foundation,375,null_or_non_object_record_skipped
foundation,376,null_or_non_object_record_skipped
foundation,377,null_or_non_object_record_skipped
foundation,378,null_or_non_object_record_skipped
foundation,379,null_or_non_object_record_skipped
foundation,380,null_or_non_object_record_skipped
foundation,381,null_or_non_object_record_skipped
foundation,382,null_or_non_object_record_skipped
foundation,383,null_or_non_object_record_skipped
foundation,384,null_or_non_object_record_skipped
foundation,385,null_or_non_object_record_skipped
foundation,386,null_or_non_object_record_skipped
foundation,387,null_or_non_object_record_skipped
foundation,388,null_or_non_object_record_skipped
foundation,389,null_or_non_object_record_skipped
foundation,390,null_or_non_object_record_skipped
foundation,391,null_or_non_object_record_skipped
foundation,392,null_or_non_object_record_skipped
foundation,393,null_or_non_object_record_skipped
foundation,394,null_or_non_object_record_skipped
